Setting,N,ValidN,SimFull,SimSentMax,TokF1,AccSentMax@0.50,AvgLatency(ms)
sft,100,100,0.116591149193782,0.11465284418321924,0.12026236269695816,0.09,12846.853516101837
