Setting,N,ValidN,AnswerSim,AnswerAcc@0.65,AvgLatency(ms)
sft,92,92,0.08765112302176785,0.05434782608695652,12988.403504309446
